{
    "hg19/chr1.fa": {
        "model_20210313070755_15.h5": {
            "runtime": 675.9878957271576
        },
        "model_20210313071659_07.h5": {
            "runtime": 677.219810962677
        },
        "model_20210313062834_28.h5": {
            "runtime": 677.2224686145782
        },
        "model_20210313065308_31.h5": {
            "runtime": 679.6268410682678
        },
        "model_20210313064215_20.h5": {
            "runtime": 689.5837445259094
        }
    },
    "hg19/chr2.fa": {
        "model_20210313064215_20.h5": {
            "runtime": 646.9357883930206
        },
        "model_20210313070755_15.h5": {
            "runtime": 657.2305204868317
        },
        "model_20210313071659_07.h5": {
            "runtime": 658.6921598911285
        },
        "model_20210313065308_31.h5": {
            "runtime": 658.5594699382782
        },
        "model_20210313062834_28.h5": {
            "runtime": 644.9751696586609
        }
    },
    "hg19/chr3.fa": {
        "model_20210313064215_20.h5": {
            "runtime": 541.9882276058197
        },
        "model_20210313070755_15.h5": {
            "runtime": 536.8512694835663
        },
        "model_20210313071659_07.h5": {
            "runtime": 537.0599551200867
        },
        "model_20210313065308_31.h5": {
            "runtime": 536.6550617218018
        },
        "model_20210313062834_28.h5": {
            "runtime": 537.2021980285645
        }
    },
    "hg19/chr4.fa": {
        "model_20210313064215_20.h5": {
            "runtime": 522.0909745693207
        },
        "model_20210313070755_15.h5": {
            "runtime": 507.65707564353943
        },
        "model_20210313071659_07.h5": {
            "runtime": 519.2181391716003
        },
        "model_20210313065308_31.h5": {
            "runtime": 518.7267270088196
        },
        "model_20210313062834_28.h5": {
            "runtime": 517.4833199977875
        }
    },
    "hg19/chr5.fa": {
        "model_20210313064215_20.h5": {
            "runtime": 497.8135461807251
        },
        "model_20210313070755_15.h5": {
            "runtime": 479.0948235988617
        },
        "model_20210313071659_07.h5": {
            "runtime": 495.71113634109497
        },
        "model_20210313065308_31.h5": {
            "runtime": 484.27075600624084
        },
        "model_20210313062834_28.h5": {
            "runtime": 491.5494821071625
        }
    },
    "hg19/chr6.fa": {
        "model_20210313064215_20.h5": {
            "runtime": 468.15383410453796
        },
        "model_20210313070755_15.h5": {
            "runtime": 453.0046923160553
        },
        "model_20210313071659_07.h5": {
            "runtime": 464.98805975914
        },
        "model_20210313065308_31.h5": {
            "runtime": 468.2405617237091
        },
        "model_20210313062834_28.h5": {
            "runtime": 465.9040355682373
        }
    },
    "hg19/chr7.fa": {
        "model_20210313064215_20.h5": {
            "runtime": 435.981271982193
        },
        "model_20210313070755_15.h5": {
            "runtime": 434.1019027233124
        },
        "model_20210313071659_07.h5": {
            "runtime": 433.08361983299255
        },
        "model_20210313065308_31.h5": {
            "runtime": 422.1840741634369
        },
        "model_20210313062834_28.h5": {
            "runtime": 433.87766098976135
        }
    },
    "hg19/chr8.fa": {
        "model_20210313064215_20.h5": {
            "runtime": 392.99721002578735
        },
        "model_20210313070755_15.h5": {
            "runtime": 388.4142236709595
        },
        "model_20210313071659_07.h5": {
            "runtime": 398.45129799842834
        },
        "model_20210313065308_31.h5": {
            "runtime": 399.58153676986694
        },
        "model_20210313062834_28.h5": {
            "runtime": 399.86240100860596
        }
    },
    "hg19/chr9.fa": {
        "model_20210313064215_20.h5": {
            "runtime": 387.75684094429016
        },
        "model_20210313070755_15.h5": {
            "runtime": 384.81095838546753
        },
        "model_20210313071659_07.h5": {
            "runtime": 385.2372610569
        },
        "model_20210313065308_31.h5": {
            "runtime": 384.41184735298157
        },
        "model_20210313062834_28.h5": {
            "runtime": 385.61791801452637
        }
    },
    "hg19/chr10.fa": {
        "model_20210313064215_20.h5": {
            "runtime": 373.49044370651245
        },
        "model_20210313070755_15.h5": {
            "runtime": 370.70206117630005
        },
        "model_20210313071659_07.h5": {
            "runtime": 371.74762868881226
        },
        "model_20210313065308_31.h5": {
            "runtime": 369.4615526199341
        },
        "model_20210313062834_28.h5": {
            "runtime": 369.83863949775696
        }
    },
    "hg19/chr11.fa": {
        "model_20210313064215_20.h5": {
            "runtime": 368.0348505973816
        },
        "model_20210313070755_15.h5": {
            "runtime": 368.2354962825775
        },
        "model_20210313071659_07.h5": {
            "runtime": 368.1862585544586
        },
        "model_20210313065308_31.h5": {
            "runtime": 367.65321493148804
        },
        "model_20210313062834_28.h5": {
            "runtime": 367.72068762779236
        }
    },
    "hg19/chr12.fa": {
        "model_20210313064215_20.h5": {
            "runtime": 371.3248026371002
        },
        "model_20210313070755_15.h5": {
            "runtime": 357.2142848968506
        },
        "model_20210313071659_07.h5": {
            "runtime": 365.07754611968994
        },
        "model_20210313065308_31.h5": {
            "runtime": 364.877069234848
        },
        "model_20210313062834_28.h5": {
            "runtime": 367.9071090221405
        }
    },
    "hg19/chr13.fa": {
        "model_20210313064215_20.h5": {
            "runtime": 269.05009055137634
        },
        "model_20210313070755_15.h5": {
            "runtime": 266.45332956314087
        },
        "model_20210313071659_07.h5": {
            "runtime": 266.3536026477814
        },
        "model_20210313065308_31.h5": {
            "runtime": 259.1171028614044
        },
        "model_20210313062834_28.h5": {
            "runtime": 264.25487780570984
        }
    },
    "hg19/chr14.fa": {
        "model_20210313064215_20.h5": {
            "runtime": 245.8216369152069
        },
        "model_20210313070755_15.h5": {
            "runtime": 244.5399420261383
        },
        "model_20210313071659_07.h5": {
            "runtime": 244.6826741695404
        },
        "model_20210313065308_31.h5": {
            "runtime": 244.75706434249878
        },
        "model_20210313062834_28.h5": {
            "runtime": 244.2974202632904
        }
    },
    "hg19/chr15.fa": {
        "model_20210313064215_20.h5": {
            "runtime": 231.00879383087158
        },
        "model_20210313070755_15.h5": {
            "runtime": 229.98366785049438
        },
        "model_20210313071659_07.h5": {
            "runtime": 223.74222588539124
        },
        "model_20210313065308_31.h5": {
            "runtime": 228.1603503227234
        },
        "model_20210313062834_28.h5": {
            "runtime": 228.9588222503662
        }
    },
    "hg19/chr16.fa": {
        "model_20210313064215_20.h5": {
            "runtime": 244.137437582016
        },
        "model_20210313070755_15.h5": {
            "runtime": 249.1306209564209
        },
        "model_20210313071659_07.h5": {
            "runtime": 248.59045720100403
        },
        "model_20210313065308_31.h5": {
            "runtime": 248.87678170204163
        },
        "model_20210313062834_28.h5": {
            "runtime": 248.15952014923096
        }
    },
    "hg19/chr17.fa": {
        "model_20210313064215_20.h5": {
            "runtime": 226.2019124031067
        },